Fecha,Ingresos/Gastos,Categoría,Memorándum,Importe
2025-10-23,Gastos,Casa,Metrogas coima,-10000
2025-10-22,Gastos,Deporte,Partido perdido,-3000
2025-10-22,Gastos,Desayuno,Pan x5,-1050
2025-10-22,Gastos,Frutas,Bananas x3,-1900
2025-10-21,Gastos,Deporte,Futbol ganado,-2500
2025-10-20,Gastos,Comida,Pizza cami,-7000
2025-10-20,Gastos,Deporte,Futbol ganado,-4000
2025-10-20,Gastos,Comida,Medialunas jyq,-7500
2025-10-18,Gastos,Deporte,Fútbol ganado,-4500
2025-10-18,Gastos,Desayuno,Medialunas jyq,-9000
2025-10-16,Gastos,Ropa,Lavadero,-20000
2025-10-15,Gastos,Vegetales,Tomate cebolla lechuga,-4100
2025-10-15,Gastos,Tarjetas de crédito,Prestamo mp,-34000
2025-10-15,Gastos,Casa,Gasista firma,-250000
2025-10-15,Gastos,Ana,Antecedentes penales,-1000
2025-10-14,Gastos,Deporte,Futbol partido perdido,-2500
2025-10-14,Gastos,Casa,Tapas de electricidad,-8000
2025-10-14,Gastos,Comida,Leche 1L,-1400
2025-10-14,Gastos,Frutas,Banana 1kg,-3900
2025-10-14,Gastos,Coche,Cubierta pinchada,-7000
2025-10-13,Gastos,Casa,Ferretería,-30000
2025-10-13,Gastos,Almuerzo,Docena facturas,-15000
2025-10-13,Gastos,Casa,Ferretería,-11700
2025-10-13,Gastos,Ana,Transferencia,-50000
2025-10-12,Gastos,Desayuno,Sanguches de miga y tortafrita,-11500
2025-10-11,Gastos,Cena,Panchos cumple Aldi,-13000
2025-10-10,Gastos,Transporte,Didi a Ranelagh,-5000
2025-10-10,Gastos,Bebida,Birras desper Sabri,-40000
2025-10-10,Gastos,Almuerzo,Santafesino,-10500
2025-10-09,Gastos,Casa,Ropero,-105000
2025-10-09,Gastos,Servicios,Primevideo,-8000
2025-10-09,Gastos,Ana,Transferencia,-20000
2025-10-08,Gastos,Ropa,Lavadero,-16000
2025-10-08,Gastos,Casa,Plomero/gasista materiales,-300000
2025-10-07,Gastos,Deporte,Partido ganado,-2500
2025-10-07,Gastos,Ana,Transferencia,-5000
2025-10-07,Gastos,Casa,Materiales general,-10000
2025-10-06,Gastos,Casa,Instalación general de artefactos,-250000
2025-10-06,Gastos,Ana,Transferencia,-20000
2025-10-06,Gastos,Limpieza,Productos en general,-11700
2025-10-06,Gastos,Desayuno,Pan,-700
2025-10-06,Gastos,Desayuno,Yogurth y mermelada,-10000
2025-10-06,Gastos,Casa,Bidet griferia,-66100
2025-10-04,Gastos,Casa,Ropero 1,-100000
2025-10-04,Gastos,Deporte,Futbol partido ganado,-4500
2025-10-04,Gastos,Ana,Lavadero,-19000
2025-10-04,Gastos,Servicios,Tuenti,-14000
2025-10-04,Gastos,Almuerzo,Sanguches,-9000
2025-10-04,Gastos,Casa,Materiales general,-100000
2025-10-04,Gastos,Casa,Materiales mesada,-72000
2025-10-04,Gastos,Casa,Madera mesadas,-150000
2025-10-04,Gastos,Ana,Transferencia,-10000
2025-10-03,Gastos,Almuerzo,Napoles,-17000
2025-10-03,Gastos,Ana,Efectivo,-20000
2025-10-02,Gastos,Salud,Cepillos dientes x3,-10200
2025-10-02,Gastos,Coche,Telepase amex g,-21000
2025-10-02,Gastos,Casa,Enduido,-12100
2025-10-02,Ingresos,Salario,Sueldo The Flock,2800000
2025-10-02,Gastos,Ana,Transferencia,-30000
2025-10-02,Gastos,Bebida,Coca shell x2 visa s,-3600
2025-10-02,Gastos,Hamburguesa,Hamburguesa Esteban,-12000
2025-10-02,Gastos,Merienda,Sanguches de miga x4 jyq visa s,-6800
2025-10-01,Gastos,Hamburguesa,Magna YPF epica visa s,-15700
2025-10-01,Gastos,Servicios,YT premium visa g,-3400
2025-10-01,Gastos,Inversión,Claude visa s,-30000
2025-10-01,Gastos,Hamburguesa,Hvn py visa s,-9000
2025-10-01,Gastos,Experiencias,Rebord visa s,-41000
2025-10-01,Gastos,Bebida,Brahma epica visa s,-8000
2025-10-01,Gastos,Hamburguesa,HVN py visa s,-7800
2025-10-01,Gastos,Merienda,Facturas con Diame visa s,-9200
2025-10-01,Gastos,Ropa,Remera Epica  visa s,-35000
2025-10-01,Gastos,Coche,Shell visa s,-71000
2025-10-01,Gastos,Cena,Sushi visa s,-37000
2025-10-01,Gastos,Hamburguesa,Big mac py visa s,-11000
2025-10-01,Gastos,Hamburguesa,Burger king bernal visa s,-11900
2025-10-01,Gastos,Ana,Farmacia visa s,-8900
2025-10-01,Gastos,Ana,Mercado visa s,-7400
2025-10-01,Gastos,Ana,Valsartan paracetamol visa s,-30600
2025-10-01,Gastos,Merienda,Blondies visa s,-14000
2025-10-01,Gastos,Bebida,Vino dia visa s,-8300
2025-10-01,Gastos,Coche,Telepase amex g,-11000
2025-10-01,Gastos,Bebida,Vinos x2,-10700
2025-10-01,Gastos,Bebida,Birra KP visa s,-4500
2025-10-01,Gastos,Ana,Alimento perros visa s,-23500
2025-10-01,Gastos,Ana,Personal visa s,-27000
2025-10-01,Gastos,Carne,Pollo visa s,-14675
2025-10-01,Gastos,Casa,Ferretería,-76000
2025-10-01,Gastos,Coche,Telepase amex g,-40000
2025-10-01,Gastos,Seguros,Seguro samsung visa s,-21000
2025-10-01,Gastos,Coche,Telepase visa s,-20000
2025-10-01,Gastos,Coche,Telepase amex g,-66000
2025-10-01,Gastos,Almuerzo,Sanguches de miga x5 visa s,-10000
2025-10-01,Gastos,Hamburguesa,Big mac visa s,-12000
2025-10-01,Gastos,Hamburguesa,Big mac visa s,-14000
2025-10-01,Gastos,Bebida,Coca cola,-4000
2025-10-01,Gastos,Almuerzo,Bondiola x2 visa s,-14000
2025-10-01,Gastos,Ana,Farmacia visa s,-37000
2025-10-01,Gastos,Almuerzo,Ministerio amex s,-8200
2025-10-01,Gastos,Hamburguesa,Mostaza py visa s,-9400
2025-10-01,Gastos,Almuerzo,Empanadas x8 py visa s,-12500
2025-10-01,Gastos,Hamburguesa,Desembarco oficina visa s py,-10000
2025-10-01,Gastos,Casa,Calefon amex g,-300000
2025-10-01,Gastos,Ana,Dientes visa s,-141000
2025-10-01,Gastos,Experiencias,Asado familiar visa s,-62000
2025-10-01,Gastos,Almuerzo,Sushi oficina py visa s,-13400
2025-10-01,Gastos,Almuerzo,Poke x3 visa s py,-7320
2025-10-01,Gastos,Hamburguesa,Oficina visa s py,-8370
2025-10-01,Gastos,Almuerzo,Pack 3 salad visa s py,-7600
2025-10-01,Gastos,Hamburguesa,Py visa s oficina,-7500
2025-10-01,Gastos,Almuerzo,Sanguche mila visa s,-9700
2025-10-01,Gastos,Comida,Los angeles visa s,-22000
2025-10-01,Gastos,Servicios,Spotify amex g,-5000
2025-10-01,Gastos,Bebida,Birras Messi visa s,-58000
2025-10-01,Gastos,Servicios,Pedidosya plus visa s,-5000
2025-10-01,Gastos,Coche,Shell 36L visa s,-67000
2025-10-01,Gastos,Ana,Transferencia,-30000
2025-10-01,Gastos,Servicios,Netflix amex g,-11000
2025-10-01,Gastos,Casa,Cuchilla y alicate visa s,-10200
2025-10-01,Gastos,Compras,Temu prueba amex s,-36000
2025-10-01,Gastos,Tarjetas de crédito,Transferencia Xime visa s,-80300
2025-10-01,Gastos,Comida,Almacen visa s,-18500
2025-10-01,Gastos,Desayuno,Medialunas jyq ministerio amex s,-4000
2025-10-01,Gastos,Inversión,Canva Inflatrack amex g,-10800
2025-10-01,Gastos,Desayuno,Starbucks visa s,-5600
2025-10-01,Gastos,Servicios,Edesur 144 amex g,-18500
2025-10-01,Gastos,Servicios,Contador visa s,-45000
2025-10-01,Gastos,Desayuno,Croissant ministerio visa s,-1800
2025-10-01,Gastos,Desayuno,Bagel ministerio visa s,-4000
2025-10-01,Gastos,Desayuno,Desayuno ministerio visa s,-1800
2025-10-01,Ingresos,Salario,Sueldo SCES,1863000
2025-10-01,Gastos,Coche,Shell 40L visa s,-68000
2025-10-01,Gastos,Coche,Refrigerante visa s,-20500
2025-10-01,Gastos,Coche,Shell v power visa s,-67000
2025-10-01,Gastos,Hamburguesa,Big mac KP visa s,-11000
2025-09-29,Gastos,Experiencias,Generala,-15000
2025-09-28,Gastos,Bebida,Fernet aldi,-20000
2025-09-28,Gastos,Bajonazo,Pancho 10,-3000
2025-09-27,Gastos,Deporte,Futbol perdido,-4500
2025-09-25,Gastos,Ana,Churrasco,-12400
2025-09-24,Gastos,Casa,Corralon,-14100
2025-09-22,Gastos,Ana,Efectivo,-30000
2025-09-22,Gastos,Bebida,Jugo naranja Inflatrack,-10000
2025-09-22,Gastos,Ana,Transferencia,-10000
2025-09-22,Gastos,Inversión,Movistar Inflatrack,-1500
2025-09-22,Gastos,Desayuno,Don satur y capitan,-2300
2025-09-21,Gastos,Ana,Transferencia,-25000
2025-09-21,Gastos,Bebida,Cervezas asado,-8000
2025-09-20,Gastos,Ropa,Riñonera,-9000
2025-09-20,Gastos,Bebida,Cocas asado,-13400
2025-09-20,Gastos,Casa,Durlock,-31000
2025-09-19,Gastos,Casa,Puertas,-198000
2025-09-18,Gastos,Ana,Transferencia,-5500
2025-09-18,Gastos,Ropa,Lavadero,-14800
2025-09-17,Gastos,Ana,Alimento perros,-23500
2025-09-17,Gastos,Experiencias,Generala,-7000
2025-09-16,Gastos,UNQ,Lapiceras x2,-1600
2025-09-16,Gastos,Salud,Caramelos miel x20,-2000
2025-09-16,Gastos,Ana,Transferencia,-33000
2025-09-15,Gastos,Deporte,futbol empatado,-2000
2025-09-15,Gastos,Impuesto,IIBB,-300000
2025-09-14,Ingresos,Venta,Morito,7000
2025-09-14,Gastos,Experiencias,Carbon,-4000
2025-09-14,Gastos,Vegetales,Verduleria,-8900
2025-09-14,Gastos,Carne,Vacío 1.4kg,-18800
2025-09-12,Gastos,Hamburguesa,Sanburga,-8000
2025-09-12,Gastos,Ana,Transferencia,-27000
2025-09-12,Gastos,Tarjetas de crédito,Prestamo mp,-33200
2025-09-10,Gastos,Droga,Fuego KP,-2000
2025-09-10,Gastos,Bebida,Birra kp,-3000
2025-09-10,Gastos,Servicios,Movistar amex g,-21000
2025-09-10,Gastos,Ropa,Merch Katy Perry,-25000
2025-09-09,Gastos,Bebida,Fernet Katy Perry,-10000
2025-09-09,Gastos,Servicios,Primevideo,-8000
2025-09-09,Gastos,Desayuno,Facturas oficina,-18000
2025-09-08,Gastos,Compras,Almacen,-8000
2025-09-08,Gastos,Vegetales,Verduras horno,-4700
2025-09-08,Gastos,Otros,Ruben transferencia,-100000
2025-09-06,Gastos,Deporte,Fulbo perdido,-5000
2025-09-06,Gastos,Belleza,Corte de pelo,-20000
2025-09-06,Gastos,Ropa,Lavadero,-14000
2025-09-06,Gastos,Ana,Efectivo,-90000
2025-09-06,Gastos,Droga,Pipa y micorriza,-12000
2025-09-06,Gastos,Mascota,Soga 10m,-9000
2025-09-06,Gastos,Desayuno,Panadería,-3600
2025-09-06,Gastos,Mascota,Pipeta y piedras,-5500
2025-09-06,Gastos,Vegetales,Verduleria,-5500
2025-09-06,Gastos,Carne,Tapa de nalga 2kg,-19150
2025-09-05,Ingresos,Reembolsos,Ana y vicko y vani,35000
2025-09-04,Gastos,Carne,Tapa de nalga,-15000
2025-09-04,Gastos,Salud,Masaje,-28000
2025-09-04,Gastos,Servicios,Tuenti,-14000
2025-09-04,Gastos,Ana,Transferencia,-25500
2025-09-03,Gastos,Droga,Liyo y fuego,-1700
2025-09-03,Gastos,Almuerzo,Cesar,-7500
2025-09-03,Gastos,Servicios,Edesur 111,-14300
2025-09-03,Gastos,Droga,DMT 1g,-70000
2025-09-03,Gastos,Droga,Flores vicko,-100000
2025-09-02,Gastos,UNQ,Impresiones contabilidad,-6200
2025-09-01,Gastos,Hamburguesa,Alto avellaneda  vicko  visa s,-14000
2025-09-01,Gastos,Servicios,Youtube premium visa galicia,-4000
2025-09-01,Gastos,Joda,Hielo visa s,-20000
2025-09-01,Gastos,Cena,Sanguche mila visa s py,-15000
2025-09-01,Gastos,Bebida,Jagger Re visa s,-8000
2025-09-01,Gastos,Bebida,Jaggermeister re visa s,-8000
2025-09-01,Gastos,Hamburguesa,Big mac visa s,-11800
2025-09-01,Gastos,Cena,Wrap py visa s,-8000
2025-09-01,Gastos,Cena,Wok py visa s,-6800
2025-09-01,Gastos,Servicios,Netflix amex g,-11000
2025-09-01,Ingresos,Salario,The Flock Ministerio,2800000
2025-09-01,Gastos,Comida,Supermercado visa s,-50200
2025-09-01,Gastos,Merienda,Merienda UNQ visa s,-3300
2025-09-01,Gastos,Coche,Vpower 38L visa s,-68000
2025-09-01,Gastos,Servicios,HBO amex g,-8900
2025-09-01,Gastos,Comida,Jumbo visa s,-25000
2025-09-01,Gastos,Coche,Telepase amex g,-18300
2025-09-01,Gastos,Coche,Telepase amex g,-11000
2025-09-01,Gastos,Coche,V power visa s,-64100
2025-09-01,Gastos,Coche,Shell vp visa  s,-64000
2025-09-01,Gastos,Bebida,Bebidas fiesta visa s,-85000
2025-09-01,Gastos,Coche,Peajes amex g,-39000
2025-09-01,Gastos,Almuerzo,Sanguche milanesa py visa s,-12300
2025-09-01,Gastos,Casa,Insumos ceramicas visa s,-33000
2025-09-01,Gastos,Almuerzo,Mila napo rane visa s,-19000
2025-09-01,Gastos,Seguros,Provincia auto amex s,-132000
2025-09-01,Gastos,Electrónica,Fichas RJ45 visa s,-7600
2025-09-01,Gastos,Almuerzo,Hamburguesa YPF visa s,-14000
2025-09-01,Gastos,Almuerzo,Santafesino visa s,-22000
2025-09-01,Gastos,Hamburguesa,Mostaza py visa s,-9500
2025-09-01,Gastos,Almuerzo,Santafesino ruben visa s,-16500
2025-09-01,Gastos,Ana,Transferencia visa s,-15200
2025-09-01,Gastos,Almuerzo,Wrap visa s py oficina,-9000
2025-09-01,Gastos,Hamburguesa,Hamburguesas esteban visa s,-15500
2025-09-01,Gastos,Hamburguesa,Mcdonalds visa s,-20000
2025-09-01,Gastos,Coche,Telepase amex g,-24000
2025-09-01,Gastos,Ropa,Lavadero visa s,-16100
2025-09-01,Gastos,Almuerzo,Empanadas y coca visa s,-5300
2025-09-01,Gastos,Hamburguesa,Big mac ministerio visa s,-11200
2025-09-01,Gastos,Almuerzo,3 dragones visa s,-9000
2025-09-01,Gastos,Almuerzo,Noah py visa s,-10000
2025-09-01,Gastos,Comida,Almacen centro visa s,-24000
2025-09-01,Gastos,Servicios,Spotify amex g,-3800
2025-09-01,Gastos,Almuerzo,Wrap visa s py,-9400
2025-09-01,Gastos,Hamburguesa,Hamburguesa oficina py visa s,-9060
2025-09-01,Gastos,Almuerzo,Sushi oficina visa s,-11500
2025-09-01,Gastos,Casa,Cerámicas visa s,-142000
2025-09-01,Gastos,Comida,Carnicería y verduleria,-18500
2025-09-01,Gastos,Deporte,Sportclub visa s,-12000
2025-09-01,Gastos,Servicios,Edesur visa s,-41500
2025-09-01,Gastos,Desayuno,Bagel ministerio visa s,-4000
2025-09-01,Gastos,Seguros,Seguro samsung amex s,-21000
2025-09-01,Gastos,Servicios,Segurobici amex g,-11500
2025-09-01,Gastos,Desayuno,Bagel ministerio visa s,-4000
2025-09-01,Gastos,Ana,Personal visa s,-26500
2025-09-01,Gastos,Desayuno,Bagel visa s,-4000
2025-09-01,Gastos,Desayuno,Bagel ministerio visa s,-4000
2025-09-01,Gastos,Coche,V power visa s,-40000
2025-09-01,Ingresos,Salario,Sueldo SCES,1850000
2025-09-01,Gastos,Servicios,Movistar hogar amex g,-30200
2025-09-01,Gastos,Hamburguesa,Big mac visa s,-15000
2025-09-01,Gastos,Bebida,Jagger re visa s,-8000
2025-08-30,Gastos,Comida,Almacen,-7200
2025-08-30,Gastos,Entretenimiento,Maquina de golpe,-1000
2025-08-30,Gastos,Ana,Efectivo,-20000
2025-08-30,Gastos,Aperitivos,Barra cereal x2,-2000
2025-08-29,Gastos,Deporte,Fulbo ganado,-2500
2025-08-29,Gastos,Bebida,Birra,-4000
2025-08-29,Gastos,Ana,Transferencia,-16700
2025-08-29,Gastos,Ana,Transferencia,-16500
2025-08-29,Gastos,Casa,Seña puertas,-198000
2025-08-29,Gastos,Casa,Alquiler Ranelagh,-220000
2025-08-29,Gastos,Casa,Albañiles piso puertas,-600000
2025-08-27,Gastos,Almuerzo,Sanguche vacío ministerio,-10500
2025-08-25,Gastos,Casa,Insumos cerámicas,-31000
2025-08-25,Gastos,Ana,Medicamentos,-17500
2025-08-24,Gastos,Merienda,Sanguches salame fogoncito,-2500
2025-08-23,Gastos,Hamburguesa,San Burga,-12000
2025-08-22,Gastos,Deporte,Futbol perdido,-2500
2025-08-21,Gastos,Droga,10g Martina,-60000
2025-08-21,Gastos,Ana,Efectivo,-50000
2025-08-20,Gastos,Merienda,Merienda UNQ,-3000
2025-08-20,Gastos,Mascota,Kit mudanza,-16300
2025-08-18,Gastos,Ana,Compras almacen,-18000
2025-08-18,Gastos,Ana,Efectivo,-10000
2025-08-18,Gastos,Ana,Antibiotico,-4000
2025-08-15,Gastos,Casa,Cemento,-22400
2025-08-15,Gastos,Casa,Albañiles,-500000
2025-08-14,Gastos,Experiencias,Glimmer,-2000
2025-08-14,Gastos,Casa,Materiales portón,-40000
2025-08-14,Gastos,Ana,Efectivo,-10000
2025-08-14,Gastos,Ropa,Lavadero,-15000
2025-08-12,Gastos,Libro,Contaduría básica UNQ,-30000
2025-08-12,Gastos,Casa,Herrero,-125000
2025-08-12,Gastos,Tarjetas de crédito,Prestamo mp,-33150
2025-08-11,Gastos,Experiencias,Cine vicko,-10000
2025-08-11,Gastos,Ana,Efectivo,-50000
2025-08-11,Gastos,Servicios,Primevideo,-8000
2025-08-10,Gastos,Deporte,Partido ganado,-3000
2025-08-10,Gastos,Casa,Alquiler ÚLTIMO 🍾,-350000
2025-08-09,Gastos,Bebida,Fernet cancha,-4000
2025-08-09,Gastos,Cena,Memphis con los pibes,-15000
2025-08-09,Gastos,Ana,Efectivo,-20000
2025-08-08,Gastos,Droga,Filtros y celulosa,-5000
2025-08-08,Gastos,Experiencias,Show Thiago,-10000
2025-08-07,Gastos,Casa,Herrero,-273000
2025-08-07,Gastos,Almuerzo,Sanguches santafesino,-12000
2025-08-07,Gastos,Experiencias,Cine Esteban,-13000
2025-08-07,Gastos,Casa,Cerradura,-30540
2025-08-06,Gastos,Ana,Transferencia,-11250
2025-08-06,Gastos,Otros,Ruben,-150000
2025-08-06,Gastos,Almuerzo,Almuerzo GCBA,-10000
2025-08-06,Ingresos,Salario,The flock,2800000
2025-08-05,Gastos,Servicios,Tuenti 12gb,-13000
2025-08-04,Gastos,Desayuno,Torta frita y pastelito,-3600
2025-08-04,Gastos,Casa,Corralon,-65000
2025-08-03,Gastos,Bebida,Pepsi hvn,-2000
2025-08-03,Gastos,Hamburguesa,Hvn Quilmes,-12000
2025-08-03,Gastos,Deporte,Futbol perdido,-3000
2025-08-03,Gastos,Inversión,Canva Inflatrack,-11000
2025-08-02,Gastos,Deporte,Partido perdido,-4500
2025-08-02,Gastos,Casa,Albañiles,-400000
2025-08-02,Gastos,Ropa,Camisa verde,-70000
2025-08-02,Gastos,Ana,Efectivo,-50000
2025-08-02,Gastos,Casa,Limpieza basura,-19000
2025-08-02,Gastos,Almuerzo,Sanguches bondiola x5,-30000
2025-08-01,Gastos,Transporte,Subte visa s,-2000
2025-08-01,Gastos,Bajonazo,Alfajores pedidosya visa s,-8100
2025-08-01,Gastos,Hamburguesa,Big mac visa s,-14000
2025-08-01,Gastos,Servicios,Meli plus visa s,-9000
2025-08-01,Gastos,Hamburguesa,Hamburguesa py visa s,-10600
2025-08-01,Gastos,Cena,Milanesa py visa s,-12000
2025-08-01,Gastos,Cena,Chow fan visa s,-10400
2025-08-01,Gastos,Hamburguesa,Pedidosya hvn visa s,-12300
2025-08-01,Gastos,Sexo,Prime zero visa s osde,-33000
2025-08-01,Gastos,Coche,Estacionamiento norauto visa g,-11300
2025-08-01,Gastos,Hamburguesa,Hamburguesa pedidosya visa s,-7500
2025-08-01,Gastos,Hamburguesa,Mostaza py visa s,-8800
2025-08-01,Gastos,Hamburguesa,Mostaza py visa s,-10300
2025-08-01,Gastos,Cena,Wrap vegetales visa s py,-6500
2025-08-01,Gastos,Cena,Mix noah kitchen py visa s,-9750
2025-08-01,Gastos,Cena,Pollo teriyaki con arroz py visa s,-6600
2025-08-01,Gastos,Cena,Milanesa py visa s,-10800
2025-08-01,Gastos,Coche,Shell 19.5L visa s,-32100
2025-08-01,Gastos,Coche,Telepase amex g,-5300
2025-08-01,Gastos,Merienda,Merienda con Nacho visa s,-16000
2025-08-01,Gastos,Merienda,Merienda gardim visa s,-14300
2025-08-01,Gastos,Hamburguesa,Grand Tasty PY visa s,-12000
2025-08-01,Gastos,Merienda,Merienda havanna,-14000
2025-08-01,Gastos,Hamburguesa,Cuarto de libra py visa s,-13000
2025-08-01,Gastos,Servicios,Hbo amex g,-8300
2025-08-01,Gastos,Ana,Personal visa s,-25000
2025-08-01,Gastos,Comida,Torta helada grido visa s,-10000
2025-08-01,Gastos,Coche,Shell visa s,-51000
2025-08-01,Gastos,Ana,Alimento y cosas visa s,-78000
2025-08-01,Gastos,Coche,Telepase amex g,-29000
2025-08-01,Gastos,Casa,Membrana visa s,-1766000
2025-08-01,Gastos,Servicios,Spotify amex g,-3800
2025-08-01,Gastos,Ana,Valsartan 80 visa s,-25200
2025-08-01,Gastos,Ana,Danantizol visa s,-11000
2025-08-01,Gastos,Almuerzo,Almuerzo UNQ visa s,-5600
2025-08-01,Gastos,Almuerzo,Ensalada py visa s,-8100
2025-08-01,Gastos,Almuerzo,Milanesa UNQ visa s,-5600
2025-08-01,Gastos,Almuerzo,Chow fan visa s,-9500
2025-08-01,Gastos,Almuerzo,Salteado py visa s,-8100
2025-08-01,Gastos,Desayuno,Waffles blondies visa s,-14000
2025-08-01,Gastos,Hamburguesa,Big mac visa s,-11000
2025-08-01,Gastos,Almuerzo,Sushi py visa s,-12500
2025-08-01,Gastos,Hamburguesa,Mortys visa g,-14900
2025-08-01,Gastos,Almuerzo,Milanesa napo alto av visa s,-16600
2025-08-01,Gastos,Hamburguesa,Big mac visa s py,-11000
2025-08-01,Gastos,Almuerzo,Sushi oficina py visa s,-15000
2025-08-01,Gastos,Almuerzo,Sushi visa s py,-19000
2025-08-01,Gastos,Hamburguesa,Hamburguesa oficina py visa s,-8200
2025-08-01,Gastos,Servicios,Metrogas,-10000
2025-08-01,Gastos,Hamburguesa,Temple py visa s,-8000
2025-08-01,Gastos,Ana,Vamos visa s,-33000
2025-08-01,Gastos,Coche,Telepase amex g,-22300
2025-08-01,Gastos,Deporte,Sportclub amex g,-12000
2025-08-01,Gastos,Inversión,Canva Inflatrack amex g,-9800
2025-08-01,Gastos,Seguros,Seguro provincia visa s,-125000
2025-08-01,Gastos,Ana,Alimento perros visa s,-24100
2025-08-01,Gastos,Desayuno,Desayuno ministerio visa s,-4700
2025-08-01,Gastos,Desayuno,Desayuno ministerio  visa s,-4700
2025-08-01,Gastos,Servicios,Edesur amex g,-41000
2025-08-01,Gastos,Bebida,Whisky visa s,-26000
2025-08-01,Gastos,Servicios,Metrogas amex g,-12000
2025-08-01,Gastos,Servicios,Netflix amex g,-9100
2025-08-01,Gastos,Cena,Chow fan  visa s,-10400
2025-08-01,Gastos,Desayuno,Desayuno ministerio visa s,-3600
2025-08-01,Gastos,Servicios,Netflix  amex g,-9100
2025-08-01,Gastos,Experiencias,Dua Lipa fecha 2 visa s,-207000
2025-08-01,Ingresos,Salario,Sueldo SCES,1860000
2025-08-01,Gastos,Seguros,Segurobici amex g,-11500
2025-08-01,Gastos,Seguros,Seguro samsung visa s,-21000
2025-08-01,Gastos,Coche,V power 30L visa s,-50000
2025-08-01,Gastos,Desayuno,Facturas oficina visa s,-13400
2025-08-01,Gastos,Coche,VTV visa s,-63500
2025-08-01,Gastos,Hamburguesa,Big mac visa s,-12000
2025-08-01,Gastos,Experiencias,Cine con miranda visa s,-14000
2025-08-01,Gastos,Servicios,Youtube visa g,-3400
2025-08-01,Gastos,Coche,Vpower visa s,-60000
2025-07-31,Gastos,Casa,Herrero,-40000
2025-07-31,Gastos,Ana,Medicamento,-28000
2025-07-31,Gastos,Casa,Canilla,-10000
2025-07-31,Gastos,Ana,Lavadero,-10000
2025-07-31,Gastos,Ropa,Lavadero,-10000
2025-07-31,Gastos,Casa,Disco de corte,-1900
2025-07-31,Gastos,Casa,Bolsa de cal,-6400
2025-07-31,Gastos,Ana,Efectivo,-20000
2025-07-31,Gastos,Ana,Medicamento,-11000
2025-07-30,Gastos,Almuerzo,Almuerzo ministerio,-11000
2025-07-29,Gastos,Experiencias,Casa de zoe,-20000
2025-07-28,Gastos,Ana,Efectivo,-10000
2025-07-28,Gastos,Casa,Materiales corralon,-126000
2025-07-27,Gastos,Ana,Efectivo,-40000
2025-07-27,Gastos,Comida,Picada,-14000
2025-07-26,Gastos,Oficina,Resaltador,-1000
2025-07-26,Gastos,Libro,Heidegger,-10000
2025-07-26,Gastos,Belleza,Peluquería,-15000
2025-07-26,Gastos,Ropa,Lavadero,-15000
2025-07-25,Gastos,Casa,Materiales,-25000
2025-07-25,Gastos,Casa,Albañiles,-600000
2025-07-24,Gastos,Sexo,Lubricante,-8000
2025-07-24,Gastos,Cena,Cena con Miranda,-14000
2025-07-23,Gastos,Almuerzo,Almuerzo,-12000
2025-07-22,Gastos,Cena,Bife 2.7kg,-27250
2025-07-21,Gastos,Almuerzo,Sanguches albañiles,-21000
2025-07-21,Gastos,Casa,Albañiles,-200000
2025-07-19,Gastos,Merienda,Obrador crespo Lauti,-15000
2025-07-19,Gastos,Deporte,Partido perdido,-3000
2025-07-19,Gastos,Ana,Efectivo,-21000
2025-07-19,Gastos,Almuerzo,Sanguches con Ana,-14500
2025-07-19,Gastos,Casa,Puerta ventana habitación,-238000
2025-07-18,Gastos,Droga,Porro vicko 3g,-18000
2025-07-17,Gastos,Ana,Efectivo,-19000
2025-07-17,Gastos,Casa,Corralon,-317000
2025-07-17,Gastos,Casa,Ladrillos y alambre,-200500
2025-07-17,Gastos,Ana,Transferencia,-19000
2025-07-15,Gastos,Ana,Transferencia,-8000
2025-07-14,Gastos,Regalo,Luca cumple,-4000
2025-07-13,Gastos,Bebida,Cumple Zoe,-10000
2025-07-11,Gastos,Cena,bifes x3,-18950
2025-07-11,Gastos,Hamburguesa,Hamburguesa con Miranda,-22000
2025-07-10,Gastos,Bebida,Coca 500cc ministerio,-1500
2025-07-10,Gastos,Almuerzo,Pollo ministerio,-7000
2025-07-09,Gastos,Servicios,Primevideo,-6400
2025-07-09,Gastos,Droga,Brownie loco,-10000
2025-07-09,Gastos,Almuerzo,Sanguche vacío,-10500
2025-07-09,Gastos,Bebida,Coca cola 2.25,-3500
2025-07-08,Gastos,Salud,Psicologa última sesión,-22000
2025-07-08,Gastos,Hamburguesa,Hamburguesas con Miranda,-30000
2025-07-08,Gastos,Bebida,"Fernet, coca y hielo",-22000
2025-07-08,Gastos,Tarjetas de crédito,Intereses Santander,-35000
2025-07-06,Gastos,Compras,Red point,-2200
2025-07-06,Gastos,Bajonazo,Pancho 10,-9000
2025-07-06,Gastos,Almuerzo,Asado abasto,-14000
2025-07-05,Gastos,Deporte,Futbol perdido,-5500
2025-07-05,Gastos,Comida,Yogurth y Ketchup,-3600
2025-07-05,Gastos,Regalo,Caja golosinas Miranda,-10500
2025-07-05,Gastos,Comida,Mayonesa 500g,-2600
2025-07-05,Gastos,Salud,Ibuprofeno 600,-3000
2025-07-04,Gastos,Ana,Efectivo,-60000
2025-07-04,Gastos,Servicios,Tuenti,-15000
2025-07-04,Gastos,Tarjetas de crédito,Esteban,-1289000
2025-07-04,Ingresos,Venta,Iphone Vicko,670000
2025-07-04,Gastos,Bebida,Vinos x3,-14000
2025-07-04,Gastos,Desayuno,Desayuno unq,-1800
2025-07-03,Gastos,Cena,Cheddar,-2550
2025-07-03,Gastos,UNQ,Impresiones,-2500
2025-07-03,Gastos,Higiene,Shampoo x2,-20200
2025-07-03,Gastos,Servicios,Contador,-40000
2025-07-03,Gastos,Tarjetas de crédito,Prestamo mp,-33200
2025-07-03,Ingresos,Salario,Sueldo Flock,2800000
2025-07-02,Gastos,Merienda,Pan con chicha,-4000
2025-07-02,Gastos,Salud,Cepillos de dientes x2,-4900
2025-07-01,Gastos,Transporte,Subte visa s,-2000
2025-07-01,Gastos,Servicios,Youtube visa g,-4000
2025-07-01,Gastos,Cena,Pizza con Ana visa s,-37200
2025-07-01,Gastos,Ana,Personal amex g,-23500
2025-07-01,Gastos,Cena,Chow fan amex s,-9500
2025-07-01,Gastos,Hamburguesa,Big Mac visa s,-11800
2025-07-01,Gastos,Hamburguesa,Big Mac pedidosya visa s,-9080
2025-07-01,Gastos,Deporte,Sportclub amex g,-12000
2025-07-01,Gastos,Servicios,Mercadolibre plus visa s,-9000
2025-07-01,Gastos,Merienda,Cindor shell visa s,-6000
2025-07-01,Gastos,Hamburguesa,Mostaza pedidosya visa s,-13200
2025-07-01,Gastos,Bebida,Coca colegiales visa s,-2500
2025-07-01,Gastos,Cena,Burrito colegiales visa s,-19500
2025-07-01,Gastos,Desayuno,Medialunas ministerio visa s,-3600
2025-07-01,Gastos,Almuerzo,Almuerzo unq visa s,-6800
2025-07-01,Gastos,Cena,Chow fan visa s,-9500
2025-07-01,Gastos,Viajar,Tarjetas de crédito,-600000
2025-07-01,Gastos,Coche,V power visa s,-33500
2025-07-01,Gastos,Cena,Pollo tres dragones visa s,-9500
2025-07-01,Gastos,Bebida,Vinos amex s,-19100
2025-07-01,Gastos,Bebida,Vinos x3 visa s,-18600
2025-07-01,Gastos,Servicios,HBO amex g,-8900
2025-07-01,Gastos,Coche,Shell vpower 40L visa s,-62100
2025-07-01,Gastos,Coche,Shell 37L visa s,-58000
2025-07-01,Gastos,Ana,Almacen visa s,-31780
2025-07-01,Gastos,Tarjetas de crédito,Pendiente Santander,-422000
2025-07-01,Ingresos,Salario,Sueldo y aguinaldo SCES,3700000
2025-07-01,Gastos,Coche,Telepase amex g,-30000
2025-07-01,Gastos,Ana,Carrefour visa s,-12600
2025-07-01,Gastos,Bebida,Gaseosas dia del padre visa s,-9600
2025-07-01,Gastos,Hamburguesa,Big Mac visa s,-11400
2025-07-01,Gastos,Coche,Telepase amex g,-47000
2025-07-01,Gastos,Servicios,Contador visa s,-40000
2025-07-01,Gastos,Ana,Alimento x2 visa s,-48200
2025-07-01,Gastos,Ana,Tintura,-20000
2025-07-01,Gastos,Almuerzo,Papas fritas,-10000
2025-07-01,Gastos,Carne,Churrascos ana,-20000
2025-07-01,Gastos,Almuerzo,Almuerzo UNQ visa s,-5600
2025-07-01,Gastos,Hamburguesa,Simple jack combo visa s,-9000
2025-07-01,Gastos,Almuerzo,Chow fan visa s,-9500
2025-07-01,Gastos,Almuerzo,Almuerzo UNQ visa s,-7400
2025-07-01,Gastos,Almuerzo,Sushi oficina visa s,-11600
2025-07-01,Gastos,Libro,Libros x3 visa s,-62600
2025-07-01,Gastos,Almuerzo,Lomito visa s,-10000
2025-07-01,Gastos,Hamburguesa,Burger king ministerio visa s,-21000
2025-07-01,Gastos,Almuerzo,Almuerzo UNQ visa s,-6900
2025-07-01,Gastos,Hamburguesa,dean&dennys oficina visa s,-9800
2025-07-01,Gastos,Servicios,Spotify amex g,-3800
2025-07-01,Gastos,Hamburguesa,Big mac visa s,-14000
2025-07-01,Gastos,Hamburguesa,Pedidosya birrabar visa s,-8600
2025-07-01,Gastos,Almuerzo,Sushi oficina visa s,-13000
2025-07-01,Gastos,Seguros,Auto amex s,-119000
2025-07-01,Gastos,Desayuno,Roll de canela y medialuna visa s,-4200
2025-07-01,Gastos,Experiencias,Epica visa s,-80500
2025-07-01,Gastos,Comida,Almacen Marcelo,-14000
2025-07-01,Gastos,Seguros,Seguro samsung amex s,-21000
2025-07-01,Gastos,Seguros,Seguro bici amex g,-11500
2025-07-01,Gastos,Transporte,Subte visa s,-2000
2025-07-01,Gastos,Servicios,Movistar amex g,-27800
2025-07-01,Gastos,Bebida,Jagger avellaneda visa g,-10000
2025-07-01,Gastos,Bebida,Jagger avellaneda x5 visa s,-50000
2025-07-01,Gastos,Bebida,Jagger visa s,-12500
2025-07-01,Gastos,Bebida,Bebidas con Miri visa s,-36500
2025-07-01,Gastos,Experiencias,Cita Miranda visa s,-82500
2025-07-01,Gastos,Bebida,Mojito blend visa s,-80009
2025-07-01,Gastos,Bebida,Fernet blend visa s,-8000
2025-07-01,Gastos,Experiencias,Sushi con Miranda visa g,-90000
2025-07-01,Gastos,Transporte,Subte visa s,-2000
2025-06-29,Gastos,Ana,Uber,-5000
2025-06-29,Gastos,Salud,Antibiotico,-5000
2025-06-29,Gastos,Almuerzo,Pollo con arroz,-15000
2025-06-28,Gastos,Transporte,Uber p patricios - alto av,-8100
2025-06-28,Gastos,Transporte,Uber avellaneda - p patricios,-7000
2025-06-28,Gastos,Ropa,Lavadero,-12000
2025-06-28,Gastos,Comida,Ddl y pan,-4700
2025-06-27,Gastos,Almuerzo,Carne pedidosya PMs,-7500
2025-06-27,Gastos,Ana,Transferencia,-12850
2025-06-26,Gastos,Ana,Mermelada,-3000
2025-06-26,Gastos,Comida,Fideos y pan,-6300
2025-06-26,Gastos,Almuerzo,Carne picada,-2800
2025-06-24,Gastos,Salud,Psicologa,-22000
2025-06-24,Gastos,Ana,Transferencia,-3700
2025-06-24,Gastos,Servicios,Propina pedidosya,-500
2025-06-23,Gastos,Cena,Tres dragones,-8100
2025-06-22,Gastos,Almuerzo,Asado valu,-16000
2025-06-21,Gastos,Deporte,Futbol ganado,-6000
2025-06-21,Gastos,Bebida,Cumple Ana,-12000
2025-06-20,Gastos,Aperitivos,Flan con dulce,-3000
2025-06-20,Gastos,Bebida,Pepsi,-2000
2025-06-20,Gastos,Almuerzo,Sanguche Quilmes,-6400
2025-06-19,Gastos,Ana,Efectivo,-20000
2025-06-18,Gastos,Cena,Empanadas x3,-5100
2025-06-17,Gastos,Ana,Transferencia,-10000
2025-06-14,Gastos,Bebida,Whisky Colegiales,-10000
2025-06-14,Gastos,Ropa,Lavadero,-8000
2025-06-13,Gastos,Servicios,Propina delivery,-1000
2025-06-12,Gastos,Cena,Fiambre,-3000
2025-06-12,Gastos,Casa,Encendedores y papel higienico,-5600
2025-06-11,Gastos,Casa,Tupper,-5600
2025-06-11,Gastos,Ropa,Lavadero,-7000
2025-06-10,Gastos,Carne,2kg Bife,-23000
2025-06-10,Gastos,Oficina,Tijeras tren,-2000
2025-06-09,Gastos,Servicios,Primevideo,-6400
2025-06-09,Gastos,Casa,Alquiler,-350000
2025-06-08,Gastos,Cena,Memphis,-14500
2025-06-07,Gastos,Deporte,Partido ganado,-8000
2025-06-07,Gastos,Almuerzo,Asado Ruben,-11200
2025-06-07,Gastos,Merienda,Merienda Emilio,-4200
2025-06-07,Gastos,Ana,Papa fritas,-2210
2025-06-07,Gastos,Belleza,Corte de pelo,-15000
2025-06-07,Gastos,Coche,Limpiavidrio,-1000
2025-06-07,Gastos,Desayuno,Parlamento,-5000
2025-06-07,Gastos,Ropa,Lavadero,-12000
2025-06-06,Gastos,Servicios,Propina pedidos ya,-1000
2025-06-06,Gastos,Salud,Psicologa,-22000
2025-06-06,Gastos,Coche,Estacionamiento Quilmes,-1000
2025-06-06,Gastos,Ana,Efectivo,-30000
2025-06-06,Gastos,Salud,Farmacia,-17100
2025-06-06,Gastos,Comida,Mate y cosas,-7800
2025-06-05,Ingresos,Premios,Focus group,18000
2025-06-05,Gastos,Merienda,Merienda UNQ,-4000
2025-06-05,Gastos,Servicios,Tuenti 12gb,-13000
2025-06-05,Gastos,UNQ,Impresión informe V2,-1600
2025-06-05,Gastos,Desayuno,Mate y galletitas,-6500
2025-06-05,Gastos,Belleza,Maquina de afeitar descartable x2,-1700
2025-06-04,Gastos,Regalo,Torta Ruben,-20000
2025-06-04,Gastos,Coche,Telepase amex g,-11500
2025-06-03,Gastos,Cena,Propina pizza Ana,-2000
2025-06-03,Gastos,Impuesto,Prestamo mp,-33200
2025-06-03,Ingresos,Prestamo,Esteban,1191800
2025-06-03,Ingresos,Salario,Sueldo Flock,2660000
2025-06-03,Gastos,Almuerzo,Bandeja oficina,-15000
2025-06-02,Gastos,Servicios,Metrogas,-7900
2025-06-02,Gastos,Cena,Empanadas,-6800
2025-06-02,Gastos,Inversión,Inflatrack volantes,-40000
2025-06-02,Gastos,Comida,Pan y queso,-4450
2025-06-01,Gastos,Bebida,Birra club re amex s,-11000
2025-06-01,Gastos,Ana,Transferencia,-6000
2025-06-01,Gastos,Compras,Kit pintura al oleo amex g,-50000
2025-06-01,Gastos,Cena,Shawarma quilmes amex s,-13500
2025-06-01,Gastos,Bebida,Guampa x2 amex s,-7600
2025-06-01,Gastos,Hamburguesa,Cuarto de libra visa g,-8700
2025-06-01,Gastos,Comida,Supermercado amex s,-8400
2025-06-01,Gastos,Droga,Armados yankies amex g,-30000
2025-06-01,Gastos,Entretenimiento,Independiente Abril amex s,-24600
2025-06-01,Gastos,Oficina,Librería amex s,-8600
2025-06-01,Gastos,Entretenimiento,Cine showcase visa s,-6000
2025-06-01,Gastos,Hamburguesa,Mc con Lolo amex g,-22700
2025-06-01,Gastos,Coche,V power amex s,-30000
2025-06-01,Gastos,Merienda,Merienda rio quilmes amex s,-18200
2025-06-01,Gastos,Ana,Medicamentos amex s,-79200
2025-06-01,Gastos,Salud,Psicologa amex s,-24000
2025-06-01,Ingresos,Salario,Sueldo SCES,1823000
2025-06-01,Gastos,Hamburguesa,Hamburguesa quilmes american s,-8600
2025-06-01,Gastos,Almuerzo,Santafesino amex g,-34000
2025-06-01,Gastos,Coche,Shell amex s,-50000
2025-06-01,Gastos,Vegetales,Tomate amex s,-2900
2025-06-01,Gastos,Carne,Cuadril 1.35kg amex s,-21000
2025-06-01,Gastos,Higiene,Hisopos amex s,-2900
2025-06-01,Gastos,Servicios,Spotify amex g,-3800
2025-06-01,Gastos,Carne,Pollo amex g,-6600
2025-06-01,Gastos,Mascota,Catpro amex s,-62300
2025-06-01,Gastos,Servicios,Edesur visa g,-14300
2025-06-01,Gastos,Viajar,Canada parte 2,-1500000
2025-06-01,Gastos,Electrónica,Iphone visa g,-1000000
2025-06-01,Gastos,Hamburguesa,Big Mac post oculto visa g,-11100
2025-06-01,Gastos,Electrónica,Funda Samsung visa s,-6500
2025-06-01,Gastos,Seguros,Seguro samsung amex s,-21000
2025-06-01,Gastos,Inversión,Workspace Inflatrack visa g,-14000
2025-06-01,Gastos,Inversión,Digitalocean Mayo amex g,-54000
2025-06-01,Gastos,Coche,Shell amex s,-39100
2025-05-31,Gastos,Merienda,Media de bolita,-4000
2025-05-31,Gastos,Coche,Lavado,-10000
2025-05-31,Gastos,Almuerzo,El santafesino,-8500
2025-05-31,Gastos,Desayuno,Desayuno vamos,-3700
2025-05-29,Gastos,Merienda,Chocolate y alfajor UNQ,-1300
2025-05-29,Gastos,Inversión,Impresion contrato Juandomingrow,-960
2025-05-28,Gastos,Merienda,Cafe Palermo,-6000
2025-05-28,Gastos,Almuerzo,Parrilla GCBA,-11300
2025-05-27,Gastos,Cena,Cuadril 1.1kg,-14000
2025-05-27,Gastos,Casa,Sahumerios,-1000
2025-05-27,Gastos,Experiencias,Lienzo 300g,-4200
2025-05-27,Gastos,Inversión,Folletos Inflatrack,-10000
2025-05-26,Gastos,Cena,Empanadas x4,-6200
2025-05-26,Gastos,Limpieza,Trapo piso,-1200
2025-05-26,Gastos,Higiene,Papel higienico,-2300
2025-05-25,Gastos,Almuerzo,Costillar,-17000
2025-05-25,Gastos,Comida,Pan 1/2kg,-1500
2025-05-25,Gastos,Comida,Mate cocido,-1100
2025-05-25,Gastos,Desayuno,Pastelitos x3,-6000
2025-05-24,Gastos,Hamburguesa,Hamburguesa pancho 10,-8000
2025-05-24,Gastos,Bebida,Fernet cancha,-8000
2025-05-24,Gastos,Compras,Escarapelas x2,-3600
2025-05-24,Gastos,Coche,Escobillas palio,-32500
2025-05-24,Gastos,Bajonazo,Helado 1/2,-12000
2025-05-23,Gastos,Casa,Bolsas de residuo x2,-2000
2025-05-23,Gastos,Transporte,Tren multa,-2800
2025-05-22,Gastos,UNQ,Impresión abstract x2,-160
2025-05-22,Gastos,Ropa,Lavadero,-16000
2025-05-22,Gastos,Almuerzo,Almuerzo UNQ,-7100
2025-05-21,Gastos,Deporte,Futbol ganado,-3000
2025-05-21,Gastos,Salud,Psicologa,-22000
2025-05-21,Gastos,Bebida,Coca cola 1L,-1900
2025-05-21,Gastos,Almuerzo,Guiso lentejas,-1750
2025-05-21,Gastos,Comida,Pan lactal,-4000
2025-05-20,Gastos,Almuerzo,Sanguches de miga x3,-6000
2025-05-20,Gastos,Experiencias,Facturas oficina,-16200
2025-05-20,Gastos,Transporte,Subte visa g,-650
2025-05-19,Gastos,Merienda,Merienda UNQ,-3800
2025-05-19,Gastos,Oficina,Resaltadores,-2400
2025-05-19,Gastos,Desayuno,"Galletitas, queso y yogurth",-6100
2025-05-19,Gastos,Servicios,Monotributo alta,-40000
2025-05-18,Gastos,Experiencias,Pizzas valu,-15000
2025-05-18,Gastos,Vegetales,Verduleria,-9900
2025-05-18,Gastos,Servicios,Metrogas,-9600
2025-05-16,Gastos,Almuerzo,Subway oficina,-6000
2025-05-15,Gastos,Merienda,Merienda UNQ,-2400
2025-05-15,Gastos,Servicios,Primevideo,-6400
2025-05-14,Gastos,Deporte,Futbol perdido,-2400
2025-05-14,Gastos,Merienda,Parlamento con Diame,-7800
2025-05-14,Gastos,Salud,Psicologa,-22000
2025-05-14,Gastos,Almuerzo,Santafesino con Ana,-16000
2025-05-14,Gastos,Electrónica,Cristal templado samsung,-2000
2025-05-13,Gastos,Almuerzo,Sanguche milanesa oficina,-7000
2025-05-12,Gastos,Aperitivos,Guaymallen UNQ,-400
2025-05-12,Gastos,Transporte,SUBE,-3000
2025-05-12,Gastos,Comida,Mayonesa,-2600
2025-05-11,Gastos,Comida,Sopa Knorr,-2500
2025-05-11,Gastos,Bebida,Fernet lauti ailen,-7000
2025-05-11,Gastos,Almuerzo,Vacio y pepsi cancha,-14000
2025-05-10,Gastos,Casa,Alquiler,-350000
2025-05-10,Gastos,Limpieza,Bolsas y guantes,-6200
2025-05-10,Gastos,Bebida,Coca oculto,-3300
2025-05-09,Gastos,Transporte,Uber con Diame,-3100
2025-05-09,Gastos,Deporte,Futbol ganado,-2500
2025-05-08,Gastos,Impuesto,Prestamo mercadopago Mayo,-33200
2025-05-08,Gastos,Merienda,Merienda UNQ,-3600
2025-05-08,Gastos,Desayuno,Parlamento,-4500
2025-05-08,Gastos,Ropa,Lavadero,-8000
2025-05-07,Gastos,Belleza,Barbería TMR,-9000
2025-05-07,Gastos,Ropa,Lavadero,-18000
2025-05-06,Gastos,Cena,Pizza xime y ruben,-14000
2025-05-06,Gastos,Comida,Pan 1/2 kg,-1100
2025-05-06,Gastos,Comida,Maple huevos,-7600
2025-05-06,Gastos,Carne,Bondiola 1kg,-8200
2025-05-05,Gastos,Servicios,Tuenti,-12000
2025-05-03,Gastos,Inversión,Canva Inflatrack,-9500
2025-05-01,Gastos,Coche,Telepase amex g,-2500
2025-05-01,Gastos,Coche,Shell 27L visa,-36000
2025-05-01,Gastos,Ana,Farmacia visa s,-35300
2025-05-01,Gastos,Ana,Dia visa s,-39000
2025-05-01,Gastos,Salud,Psicologa visa g,-19300
2025-05-01,Gastos,Servicios,HBO amex g,-9000
2025-05-01,Gastos,Merienda,Grasa torta frita visa s,-2500
2025-05-01,Gastos,Bebida,Vinos circus x2,-7000
2025-05-01,Gastos,Coche,Telepase amex,-6600
2025-05-01,Gastos,Entretenimiento,Independiente Marzo Visa,-24600
2025-05-01,Gastos,Comida,Paty pan y queso visa g,-9000
2025-05-01,Gastos,Coche,Telepase amex g,-13400
2025-05-01,Ingresos,Salario,Sueldo SCES,1620000
2025-05-01,Gastos,Bebida,Fernet Area costanera visa s,-80000
2025-05-01,Gastos,Transporte,Subte visa s,-1800
2025-05-01,Gastos,Servicios,Spotify amex,-4000
2025-05-01,Gastos,Ropa,Lavadero visa s,-17200
2025-05-01,Gastos,Hamburguesa,Mostaza amex g,-6500
2025-05-01,Gastos,Almuerzo,Sushi oficina amex,-14000
2025-05-01,Gastos,Hamburguesa,Big mac amex,-8700
2025-05-01,Gastos,Ana,Transferencia,-3300
2025-05-01,Gastos,Coche,Seguro amex s,-112000
2025-05-01,Gastos,Coche,Telepase,-16000
2025-05-01,Gastos,Servicios,Metrogas visa,-9500
2025-05-01,Gastos,Viajar,Canada parte 1,-1000000
2025-05-01,Gastos,Inversión,Canva Inflatrack amex,-10300
2025-05-01,Gastos,Entretenimiento,Dua Lipa Visa,-207000
2025-05-01,Gastos,Coche,Telepase amex,-15000
2025-05-01,Gastos,Servicios,Movistar amex,-26000
2025-05-01,Gastos,Transporte,Subte visa,-1738
2025-05-01,Gastos,Deporte,Gym,-10000
2025-05-01,Gastos,Servicios,Netflix,-9100
2025-05-01,Gastos,Transporte,Seguro bici amex,-10400
2025-05-01,Gastos,Bebida,Agua groove visa s,-5500
2025-05-01,Gastos,Hamburguesa,Mc con Lolo,-19000
2025-05-01,Gastos,Desayuno,Yogurth y galletitas amex g,-3450
2025-05-01,Gastos,Servicios,Youtube amex,-1900
2025-05-01,Gastos,Experiencias,Projet  Ana visa g,-80000
2025-05-01,Gastos,Bajonazo,Tostado visa s,-2000
2025-05-01,Gastos,Hamburguesa,Big mac visa s,-8800
2025-05-01,Gastos,Transporte,Subte visa s,-1800
2025-05-01,Gastos,Transporte,Subte visa,-870
2025-05-01,Gastos,Transporte,Subte visa,-1800
2025-05-01,Gastos,Transporte,Subte visa,-1700
2025-04-22,Gastos,Almuerzo,Sanguches de miga oficina,-6000
2025-04-22,Gastos,Coche,Uber,-3400
2025-04-21,Gastos,Ropa,Quitamanchas,-2000
2025-04-21,Gastos,Desayuno,Pepas,-1040
2025-04-18,Gastos,Deporte,Futbol,-2500
2025-04-17,Gastos,Comida,Fiambre y galletitas,-5700
2025-04-16,Gastos,Deporte,Partido ganado,-2500
2025-04-16,Gastos,Desayuno,Pan,-640
2025-04-16,Gastos,Comida,Nesquik,-1950
2025-04-15,Gastos,Carne,2kg Carne bifes,-20550
2025-04-15,Gastos,Aperitivos,Capitan del espacio blanco,-1000
2025-04-13,Gastos,Cena,Bondiola cancha,-7000
2025-04-13,Gastos,Bebida,Pepsi cancha,-3000
2025-04-13,Gastos,Ropa,Camiseta independiente,-25000
2025-04-12,Gastos,Coche,Estacionamiento area costanera,-10000
2025-04-12,Gastos,Cena,Pancho,-2000
2025-04-12,Gastos,Desayuno,Cap del espacio,-1200
2025-04-12,Gastos,Bebida,Coca oculto,-3000
2025-04-12,Gastos,Bebida,Fernet oculto,-5000
2025-04-11,Gastos,Deporte,Futbol ganado,-2500
2025-04-10,Gastos,Deporte,Futbol perdido,-3200
2025-04-10,Gastos,Bebida,Ades,-2900
2025-04-10,Gastos,Comida,Aceitunas rellenas 100g,-2100
2025-04-10,Gastos,Almuerzo,Panchos x6,-3400
2025-04-10,Gastos,Comida,Mostaza,-1400
2025-04-10,Gastos,Comida,Pan lactal,-2300
2025-04-09,Gastos,Servicios,Prime video,-6400
2025-04-09,Gastos,Comida,Jamon y queso 100g,-2800
2025-04-09,Gastos,Salud,Psicologa,-18000
2025-04-09,Gastos,Merienda,Merienda con valu,-4500
2025-04-07,Gastos,Bebida,Coca cola 500mm,-1700
2025-04-07,Gastos,Almuerzo,Medialunas jyq x2,-2200
2025-04-05,Gastos,Deporte,Futbol Bernal,-3500
2025-04-05,Gastos,Experiencias,After office sces,-51500
2025-04-03,Gastos,Almuerzo,Dos panchos y coca UNQ,-3600
2025-04-03,Gastos,Comida,Queso para rallar sardo 240g,-2880
2025-04-03,Gastos,Donaciones,Señor iglesia,-200
2025-04-03,Gastos,Desayuno,Licuado + 3 medialunas jyq,-12200
2025-04-02,Gastos,Belleza,Corte de pelo,-9000
2025-04-02,Gastos,Bebida,Bebida basket,-2200
2025-04-02,Gastos,Hamburguesa,Hamburguesa y papas basket,-3800
2025-04-02,Gastos,Bajonazo,Plaza quilmes,-9000
2025-04-01,Ingresos,Ana Raquel,Deuda Marzo,98000
2025-04-01,Gastos,Bebida,Coca local amex,-4200
2025-04-01,Gastos,Casa,Almohadas amex,-33900
2025-04-01,Gastos,Hamburguesa,Big mac amex,-8400
2025-04-01,Gastos,Cena,Burrito amex,-15100
2025-04-01,Gastos,Hamburguesa,Grand Tasty,-11100
2025-04-01,Gastos,Hamburguesa,Big mac,-8400
2025-04-01,Gastos,Entretenimiento,Cine Anora visa,-3000
2025-04-01,Gastos,Cena,Empanadas x3 amex,-4900
2025-04-01,Gastos,Coche,Shell amex,-25000
2025-04-01,Gastos,Merienda,Merienda con Gianna visa,-20000
2025-04-01,Gastos,Merienda,Pan,-3000
2025-04-01,Gastos,Servicios,Tuenti,-9500
2025-04-01,Gastos,Salud,Psicologa amex,-19300
2025-04-01,Gastos,Almuerzo,Milanesa ranelagh,-8800
2025-04-01,Gastos,Coche,Telepase amex,-6200
2025-04-01,Gastos,Coche,Telepase amex,-870
2025-04-01,Gastos,Servicios,Max amex,-6300
2025-04-01,Gastos,Coche,Telepase amex,-1600
2025-04-01,Gastos,Coche,Axion visa,-43900
2025-04-01,Gastos,Joda,Numbers visa,-26450
2025-04-01,Gastos,Hamburguesa,Hamburguesa oficina,-3750
2025-04-01,Gastos,Viajar,Prestamo canada 3/6,-231000
2025-04-01,Ingresos,Salario,Sueldo SCES + bono,3804900
2025-04-01,Gastos,Hamburguesa,Hamburguesa oficina visa,-5800
2025-04-01,Gastos,Servicios,Spotify amex,-3800
2025-04-01,Gastos,Servicios,Edesur amex,-14000
2025-04-01,Gastos,Carne,Bondiola 1.1kg visa,-8600
2025-04-01,Gastos,Hamburguesa,Tasty ft cuarto amex,-12000
2025-04-01,Gastos,Carne,Cuadril amex,-14200
2025-04-01,Gastos,Carne,Bondiola 930g visa,-7300
2025-04-01,Gastos,Almuerzo,Asado clásico visa,-42200
2025-04-01,Gastos,Coche,Telepase amex,-4400
2025-04-01,Gastos,Comida,Queso rallado visa,-2500
2025-04-01,Gastos,Comida,Supermercado visa,-15200
2025-04-01,Gastos,Comida,Dietetica visa,-18450
2025-04-01,Gastos,Bajonazo,Nuggets y tostado amex,-9000
2025-04-01,Gastos,Bebida,Tragos con valu vicko y jose visa,-12500
2025-04-01,Gastos,Inversión,Canva Inflatrack amex,-9700
2025-04-01,Gastos,Hamburguesa,Big Mac amex,-9000
2025-04-01,Gastos,Inversión,DNS Grow amex,-8500
2025-04-01,Gastos,Carne,Bondiola 1kg visa,-8000
2025-04-01,Gastos,UNQ,Cuadernillo matemáticas,-5700
2025-04-01,Gastos,Experiencias,Independiente feb amex,-23100
2025-04-01,Gastos,Transporte,Subte visa,-1100
2025-04-01,Gastos,Deporte,Gym,-10000
2025-04-01,Gastos,Entretenimiento,LOTR Amex,-10800
2025-04-01,Gastos,Servicios,Movistar amex,-25500
2025-04-01,Gastos,Coche,Axion 30L visa,-39000
2025-04-01,Gastos,Servicios,Netflix amex,-6500
2025-04-01,Gastos,Servicios,Tuenti visa,-9500
2025-04-01,Gastos,Servicios,Youtube amex,-2500
2025-04-01,Gastos,Servicios,Netflix amex,-9100
2025-04-01,Gastos,Bebida,Coca kiosco amex,-2000
2025-04-01,Gastos,Transporte,Subte visa,-900
2025-04-01,Gastos,Transporte,Subte visa,-840
2025-03-31,Gastos,Transporte,SUBE,-9000
2025-03-31,Gastos,UNQ,Lapiceras bic x3,-2400
2025-03-31,Gastos,Ana,Transferencia,-10000
2025-03-31,Gastos,Comida,Fiambre 100j 100q,-3100
2025-03-29,Gastos,Cena,Cena con Ana,-19400
2025-03-29,Gastos,Bebida,Coca cola 2.25,-3400
2025-03-29,Gastos,Bajonazo,Capitan del espacio x2,-3000
2025-03-29,Gastos,Merienda,Merienda Emilio,-11600
2025-03-29,Gastos,Bebida,Ades,-2900
2025-03-29,Gastos,Comida,Fiambre 100 jamon 100 queso,-3000
2025-03-28,Gastos,Cena,Sanguche vacío,-9800
2025-03-28,Gastos,Deporte,Futbol ganado,-2500
2025-03-27,Gastos,UNQ,Material TEA,-2000
2025-03-27,Gastos,UNQ,Manual TEA,-7800
2025-03-27,Gastos,Ropa,Lavadero,-7000
2025-03-27,Gastos,Desayuno,Facturas x3,-1500
2025-03-26,Gastos,Ana,Efectivo,-20000
2025-03-26,Gastos,Comida,Aceite aerosol,-3950
2025-03-25,Gastos,Ana,Transferencia,-2000
2025-03-25,Gastos,Cena,Pancho 10,-2000
2025-03-24,Gastos,Ana,SUBE,-5000
2025-03-23,Gastos,Aperitivos,Helado,-1000
2025-03-23,Gastos,Desayuno,Facturas x3,-1500
2025-03-22,Gastos,Experiencias,Lollapalooza,-60000
2025-03-22,Gastos,Ana,Transferencia,-3000
2025-03-20,Gastos,Droga,LSD gomita,-18000
2025-03-20,Gastos,UNQ,Útiles UNQ,-10100
2025-03-20,Gastos,Ana,Transferencia,-2000
2025-03-20,Gastos,Desayuno,Facturas x3,-1500
2025-03-19,Gastos,Salud,Psicologa,-18000
2025-03-19,Gastos,Transporte,SUBTE,-1300
2025-03-18,Gastos,Transporte,SUBE,-9000
2025-03-17,Gastos,Ropa,Lavadero,-7000
2025-03-17,Gastos,Vegetales,Banana tomate hongos,-7050
2025-03-17,Gastos,Aperitivos,Alfajores cine,-2500
2025-03-17,Gastos,Ana,SUBE,-4000
2025-03-16,Gastos,Bebida,Birra con valu,-3500
2025-03-14,Gastos,Experiencias,Oculto,-3000
2025-03-14,Gastos,Cena,Tequeños oculto,-5500
2025-03-14,Gastos,Bebida,Pepsi oculto,-7500
2025-03-14,Gastos,Hamburguesa,McDonald's,-9600
2025-03-13,Gastos,Viajar,Prestamo mp usd 1/12,-35000
2025-03-12,Gastos,Salud,Psicologa,-18000
2025-03-11,Gastos,Almuerzo,Sanguche milanesa oficina,-7000
2025-03-11,Gastos,Servicios,Prime,-6400
2025-03-10,Gastos,Casa,Alquiler,-350000
2025-03-10,Gastos,Comida,Huevos maple color,-6000
2025-03-10,Gastos,Ropa,Lavadero,-14000
2025-03-10,Gastos,Vegetales,Tomate lechuga cebolla,-3200
2025-03-08,Gastos,Casa,Coto visa,-58000
2025-03-07,Gastos,Servicios,Tuenti,-3100
2025-03-06,Gastos,Donaciones,Linyera iglesia,-300
2025-03-05,Gastos,Transporte,SUBE,-9000
2025-03-05,Gastos,Vegetales,Verduleria,-8730
2025-03-04,Gastos,Comida,Fiambre,-2950
2025-03-04,Gastos,Ana,Efectivo,-3000
2025-03-04,Gastos,Ana,Coca y lavandina,-4400
2025-03-02,Gastos,Droga,Vapo tch - a,-120000
2025-03-01,Gastos,Hamburguesa,Big mac amex,-7350
2025-03-01,Gastos,Bebida,Coca cancha amex,-4500
2025-03-01,Gastos,Tarjetas de crédito,Prestamo victoria visa,-26800
2025-03-01,Gastos,Hamburguesa,Praga doble visa,-9000
2025-03-01,Gastos,Experiencias,Pizza Ana visa,-16050
2025-03-01,Gastos,Tarjetas de crédito,Efectivo Carla amex,-32100
2025-03-01,Gastos,Ana,Supermercado Día,-70000
2025-03-01,Gastos,Casa,Supermercado día visa,-60000
2025-03-01,Gastos,Ana,Almacen amex,-8700
2025-03-01,Gastos,Ana,Pan amex,-2300
2025-03-01,Gastos,Ana,Veterinaria amex,-25500
2025-03-01,Gastos,Comida,Carne amex,-16150
2025-03-01,Gastos,Tarjetas de crédito,comisión 11k amex,-11800
2025-03-01,Gastos,Comida,Bondiola 1.5kg amex,-10500
2025-03-01,Gastos,Ana,Celular visa,-6300
2025-03-01,Gastos,Comida,Pan,-1500
2025-03-01,Gastos,Comida,Manteca y nesquik,-4280
2025-03-01,Gastos,Ana,Transferencia 16500+recargo,-17800
2025-03-01,Gastos,Experiencias,Fiambre los pibes visa,-7100
2025-03-01,Gastos,Salud,Psicologa visa,-17200
2025-03-01,Gastos,Comida,Almacen amex,-7000
2025-03-01,Gastos,Servicios,Tuenti amex,-9000
2025-03-01,Gastos,Ana,Dia amex,-4700
2025-03-01,Gastos,Salud,Psicologa amex,-17200
2025-03-01,Gastos,Coche,Shell amex,-20000
2025-03-01,Gastos,Comida,Magdalenas amex,-6400
2025-03-01,Gastos,Ana,Veterinaria amex,-7200
2025-03-01,Gastos,Coche,Seguro visa,-107000
2025-03-01,Gastos,Ana,Alimento amex,-25000
2025-03-01,Gastos,Ropa,Lavadero amex,-6500
2025-03-01,Gastos,Comida,Fiambre visa,-4800
2025-03-01,Gastos,Coche,Telepase amex,-5500
2025-03-01,Gastos,Coche,Shell amex,-20000
2025-03-01,Gastos,Bebida,Pepsi,-2000
2025-03-01,Gastos,Almuerzo,Sanguche cuadril,-6000
2025-03-01,Gastos,Ana,Supermercado dia visa,-9000
2025-03-01,Gastos,Hamburguesa,Dos hamburguesas oficina visa,-8000
2025-03-01,Gastos,Hamburguesa,Big Mac visa,-7400
2025-03-01,Gastos,Salud,Shampoo caspa visa,-1050
2025-03-01,Gastos,Desayuno,Yogurth,-1400
2025-03-01,Gastos,Hamburguesa,Hamburguesa oficina visa,-5800
2025-03-01,Gastos,Hamburguesa,Hamburguesa oficina,-5800
2025-03-01,Gastos,Bebida,Dos vinos cumple Agus,-5000
2025-03-01,Gastos,Ana,Perros visa,-37600
2025-03-01,Gastos,Hamburguesa,Hamburguesa oficina visa,-5800
2025-03-01,Gastos,Hamburguesa,Almuerzo oficina visa,-5800
2025-03-01,Ingresos,Salario,Sueldo SCES,1621000
2025-03-01,Gastos,Ropa,Lavadero ropa amex,-12838
2025-03-01,Gastos,Deporte,Futbol amex,-2700
2025-03-01,Gastos,Casa,Recargo tc alquiler amex,-1500
2025-03-01,Gastos,Entretenimiento,Independiente Enero Visa,-23100
2025-03-01,Gastos,Inversión,Canva amex,-9300
2025-03-01,Gastos,Transporte,Segurobici amex,-10300
2025-03-01,Gastos,Deporte,Sportclub amex,-10000
2025-03-01,Gastos,Bebida,"Coca con Valu, Jota y Agus Amex",-2000
2025-03-01,Gastos,Servicios,Movistar amex,-53200
2025-03-01,Gastos,Hamburguesa,McDonald's visa,-11200
2025-03-01,Gastos,Transporte,Subte visa,-760
2025-02-28,Gastos,Ana,Transferencia,-20850
2025-02-28,Gastos,Hamburguesa,Hamburguesa oficina,-6500
2025-02-28,Gastos,Viajar,Prestamo cuota 2/6,-233000
2025-02-28,Gastos,Transporte,SUBE,-2000
2025-02-27,Gastos,Deporte,Futbol ganado,-2500
2025-02-25,Gastos,Donaciones,Señor tren,-300
2025-02-24,Gastos,Comida,Bife de chorizo,-5600
2025-02-22,Gastos,Bebida,Pepsi cancha,-3000
2025-02-22,Gastos,Cena,Bondiola cancha,-6000
2025-02-22,Gastos,Aperitivos,Helado cancha,-2000
2025-02-22,Gastos,Almuerzo,Sanguche bondiola,-5000
2025-02-22,Gastos,Ana,Papas,-2000
2025-02-22,Gastos,Ana,Huevos,-3000
2025-02-19,Ingresos,Prestamo,Prestamo Vicky,25000
2025-02-19,Gastos,Ana,SUBE,-9000
2025-02-18,Gastos,Ana,Efectivo,-5000
2025-02-17,Gastos,Comida,Pan,-600
2025-02-17,Gastos,Comida,Manteca,-1600
2025-02-17,Gastos,Ana,SUBE,-5000
2025-02-16,Gastos,Bajonazo,Helado mc,-3000
2025-02-15,Gastos,Comida,Pan,-360
2025-02-15,Gastos,Belleza,Corte de pelo,-6500
2025-02-15,Gastos,Comida,Fiambre y yogurth,-4400
2025-02-15,Gastos,Impuesto,Prestamo mp,-54000
2025-02-13,Gastos,Ana,Efectivo,-2000
2025-02-13,Gastos,Salud,Psicologa,-16000
2025-02-13,Gastos,Ana,SUBE,-5000
2025-02-13,Gastos,Comida,Pan lactal,-2300
2025-02-12,Gastos,Bebida,Pepsi cancha,-1500
2025-02-11,Gastos,Servicios,Primevideo,-5000
2025-02-11,Gastos,Ana,SUBE,-3000
2025-02-10,Gastos,Vegetales,Banana tomate lechuga,-4350
2025-02-10,Gastos,Casa,Alquiler,-350000
2025-02-08,Ingresos,Prestamo,Carla efectivo,30000
2025-02-08,Gastos,Tarjetas de crédito,Prestamo mp,-56000
2025-02-08,Gastos,Bebida,Birra y coca con Valu,-4500
2025-02-07,Gastos,Comida,Manteca,-3100
2025-02-07,Gastos,Transporte,SUBE,-9000
2025-02-07,Gastos,Bajonazo,Pancho + coca,-4500
2025-02-06,Gastos,Deporte,Partido perdido,-2500
2025-02-05,Gastos,Merienda,Facturas,-2200
2025-02-05,Gastos,Salud,Psicologa,-16000
2025-02-05,Gastos,Comida,Queso rallado,-2450
2025-02-05,Gastos,Ana,SUBE,-9000
2025-02-04,Gastos,Ana,Efectivo,-2000
2025-02-04,Gastos,Ana,Huevos,-4300
2025-02-04,Gastos,Viajar,Prestamo Galicia 1/6,-213000
2025-02-03,Gastos,Ana,SUBE,-2000
2025-02-03,Gastos,Comida,Churrasco amex,-9000
2025-02-03,Gastos,Bebida,Coca cancha,-3000
2025-02-03,Gastos,Coche,Estacionamiento visa,-2500
2025-02-02,Gastos,Experiencias,Juntada con los pibes,-35000
2025-02-01,Gastos,Hamburguesa,Big Mac visa,-9500
2025-02-01,Gastos,Hamburguesa,Hamburguesa ranelagh amex,-14000
2025-02-01,Gastos,Coche,Estacionamiento avellaneda visa,-2500
2025-02-01,Gastos,Coche,Shell amex,-45000
2025-02-01,Gastos,Merienda,Facturas el sol visa,-4200
2025-02-01,Gastos,Deporte,Sportclub amex,-10000
2025-02-01,Gastos,Comida,Roast beef 1.1kg,-10900
2025-02-01,Gastos,Entretenimiento,Independiente Diciembre visa,-22000
2025-02-01,Gastos,Comida,Bife chorizo 1.1kg amex,-13900
2025-02-01,Gastos,Coche,Peaje amex,-11600
2025-02-01,Gastos,Hamburguesa,Hamburguesa triple gardim amex,-12600
2025-02-01,Gastos,Comida,Avena amex,-1450
2025-02-01,Gastos,Comida,Leche proteina x6 amex,-13380
2025-02-01,Gastos,Comida,Arroz integral x2 amex,-4500
2025-02-01,Gastos,Comida,Aceite amex,-1890
2025-02-01,Gastos,Comida,Azucar amex,-1160
2025-02-01,Gastos,Comida,Nesquik x2 amex,-3000
2025-02-01,Gastos,Higiene,Jabon x3 amex,-2700
2025-02-01,Gastos,Limpieza,Lysoform amex,-2220
2025-02-01,Gastos,Comida,Leche en polvo 400g amex,-4300
2025-02-01,Gastos,Higiene,Papel higienico x2 (4) amex,-2900
2025-02-01,Gastos,Limpieza,Rollo de cocina x2(3) amex,-2900
2025-02-01,Ingresos,Salario,Sueldo SCES,1486000
2025-02-01,Gastos,Ana,Farmacia visa,-40120
2025-02-01,Gastos,Comida,Tentate amex,-24000
2025-02-01,Gastos,Entretenimiento,Cine jota amex,-9200
2025-02-01,Gastos,Hamburguesa,Mostaza Jota amex,-19000
2025-02-01,Gastos,Servicios,Movistar amex,-24500
2025-02-01,Gastos,Inversión,Logo gestión ciudadana visa,-4800
2025-02-01,Gastos,Comida,Bondiola 1kg amex,-8000
2025-02-01,Gastos,Aperitivos,Helado fin de año amex,-9500
2025-02-01,Gastos,Ana,Supermercado amex,-62000
2025-02-01,Gastos,Servicios,Spotify amex,-3800
2025-02-01,Gastos,Mascota,Gwen comida amex,-30000
2025-02-01,Gastos,Mascota,Perros amex,-33500
2025-02-01,Gastos,Experiencias,Despedida Facu y Colo,-50000
2025-02-01,Gastos,Viajar,Vuelo a Toronto visa,-648000
2025-02-01,Gastos,Comida,Bondiola 1.3kg amex,-9900
2025-02-01,Gastos,Hamburguesa,Mac post quinta amex,-14000
2025-02-01,Gastos,Servicios,Edesur amex,-15000
2025-02-01,Gastos,Servicios,Edesur amex,-14000
2025-02-01,Gastos,Coche,Seguro,-100000
2025-02-01,Gastos,Bebida,Coca cumple valu amex,-2000
2025-02-01,Gastos,Coche,Axion visa,-29000
2025-02-01,Gastos,Transporte,Seguro bici amex,-5300
2025-02-01,Gastos,Coche,Axion visa,-39000
2025-02-01,Gastos,Salud,Estudios clinica amex,-2350
2025-02-01,Gastos,Bebida,Sprite paseo memoria,-3000
2025-01-31,Gastos,Almuerzo,Sanguche milanesa oficina,-6000
2025-01-30,Gastos,Experiencias,Quinta Cristian,-5000
2025-01-30,Gastos,Ana,Efectivo,-10000
2025-01-30,Gastos,Ana,SUBE,-5000
2025-01-30,Gastos,Vegetales,Bananas,-1500
2025-01-29,Gastos,Salud,Psicologa,-16000
2025-01-28,Gastos,Deporte,Partido ganado,-1500
2025-01-28,Gastos,Comida,Leche,-1650
2025-01-28,Gastos,Deporte,Futbol perdido,-2500
2025-01-28,Gastos,Comida,Dulce de leche,-2100
2025-01-28,Gastos,Vegetales,Banana durazno tomate calabaza,-7000
2025-01-28,Gastos,Comida,Bife chorizo 1.2kg,-15700
2025-01-28,Gastos,Bebida,Yogurth,-2300
2025-01-28,Gastos,Servicios,Metrogas,-6820
2025-01-27,Gastos,Comida,Pan lactal,-2300
2025-01-27,Gastos,Comida,Queso untable,-1850
2025-01-26,Gastos,Comida,Mayonesa,-900
2025-01-26,Gastos,Comida,Queso salame matambre,-6070
2025-01-25,Gastos,Merienda,Licuado banana,-3500
2025-01-25,Ingresos,Venta,Lorenzo ps3,100000
2025-01-25,Gastos,Almuerzo,Panchos y coca,-4600
2025-01-25,Gastos,Cena,Vacio,-8500
2025-01-24,Gastos,Aperitivos,Helado cancha,-1000
2025-01-24,Gastos,Cena,Bondiola cancha,-6000
2025-01-23,Gastos,Comida,Pan lactal,-1450
2025-01-23,Gastos,Ropa,Lavadero,-7000
2025-01-23,Gastos,Comida,Huevos x30,-4300
2025-01-23,Gastos,Experiencias,Pool valu,-2000
2025-01-23,Gastos,Bajonazo,Cap del espacio y mufaso,-2200
2025-01-22,Gastos,Deporte,Fulbo perdido,-1800
2025-01-22,Gastos,Salud,Psicologa,-16000
2025-01-21,Gastos,Deporte,Futbol perdido,-2600
2025-01-21,Gastos,Donaciones,Nene subte,-200
2025-01-21,Gastos,Almuerzo,Sanguche milanesa oficina,-6000
2025-01-20,Gastos,Vegetales,Tomate banana durazno ciruela uva,-8320
2025-01-20,Ingresos,Prestamo,Mercadopago,50000
2025-01-20,Gastos,Ana,SUBE,-5000
2025-01-19,Gastos,Comida,Pan lactal,-2300
2025-01-19,Gastos,Hamburguesa,Big Mac jose y bren,-10000
2025-01-18,Gastos,Deporte,Fútbol empatado,-3000
2025-01-17,Gastos,Almuerzo,Sanguche oficina,-6000
2025-01-17,Gastos,Transporte,SUBE,-3000
2025-01-16,Gastos,Ropa,Lavadero,-14000
2025-01-16,Gastos,Comida,Facturas x2,-1300
2025-01-15,Gastos,Deporte,Futbol ganado,-1800
2025-01-15,Gastos,Vegetales,Banana tomate ciruela durazno,-10400
2025-01-15,Gastos,Salud,Psicologa,-16000
2025-01-14,Gastos,Limpieza,Bolsas de consorcio,-1000
2025-01-14,Gastos,Almuerzo,Sanguche oficina,-6000
2025-01-13,Gastos,Deporte,Fulbo ganado,-2400
2025-01-13,Gastos,Comida,Pan,-720
2025-01-13,Gastos,Vegetales,"Banana, ciruela, tomate, durazno",-8500
2025-01-13,Gastos,Impuesto,Prestamo mp,-2000
2025-01-12,Gastos,Experiencias,Propina mozo gardim,-1100
2025-01-11,Gastos,Deporte,Futbol ganado,-3100
2025-01-11,Gastos,Servicios,Primevideo,-5000
2025-01-09,Gastos,Comida,Huevos x30,-4500
2025-01-08,Gastos,Bebida,Coca Ana,-2400
2025-01-08,Gastos,Salud,Psicologa,-15000
2025-01-08,Gastos,Ropa,Lavadero,-9000
2025-01-08,Gastos,Comida,Pollo 1kg,-7100
2025-01-08,Gastos,Deporte,Futbol ganado,-3200
2025-01-07,Gastos,Comida,Paty 214,-3800
2025-01-07,Gastos,Ana,Efectivo,-2000
2025-01-07,Gastos,Almuerzo,Sanguche milanesa oficina,-6000
2025-01-06,Gastos,Ropa,Lavadero,-9000
2025-01-06,Ingresos,Reembolsos,Cine jota,4600
2025-01-06,Ingresos,Reembolsos,Jota mostaza,9000
2025-01-06,Gastos,Ana,Transferencia,-8700
2025-01-06,Gastos,Comida,Bifes x4,-8800
2025-01-05,Gastos,Experiencias,Gaseosa y palitos cumple Celeste,-5000
2025-01-04,Gastos,Deporte,Futbol perdido,-2400
2025-01-03,Gastos,Deporte,Futbol ganado,-2000
2025-01-02,Gastos,Inversión,Leandro Inflatrack,-50000
2025-01-02,Gastos,Transporte,Bici rueda,-3000
2025-01-02,Gastos,Comida,Carne y huevos,-12000
2025-01-02,Gastos,Vegetales,Frutas,-10150
2025-01-01,Gastos,Bebida,Fernet,-20000
2025-01-01,Ingresos,Salario,Sueldo SCES,1350900
